scenario,rouge1_f,rouge2_f,rougeL_f,recall_at_1,recall_at_3,recall_at_5,recall_at_10,mrr,ndcg_at_10,adj_recall_at_1,adj_recall_at_3,adj_recall_at_5,adj_recall_at_10,adj_mrr,avg_prompt_tokens,avg_completion_tokens,avg_total_tokens,total_cost,cost_per_question
rag,0.0988888877962253,0.05902680718952504,0.08743331432247342,0.014084507042253521,0.028169014084507043,0.056338028169014086,0.07042253521126761,0.02687793427230047,0.037084425944981174,0.028169014084507043,0.035211267605633804,0.06338028169014084,0.07746478873239436,0.027660406885758996,352.7323943661972,11.169014084507042,363.90140845070425,0.0043389,6.11112676056338e-05
reranked_rag,0.11681123151071822,0.07156262344661769,0.10111662458858622,0.056338028169014086,0.14084507042253522,0.15492957746478872,0.16901408450704225,0.09942991281019449,0.11672857613651488,0.056338028169014086,0.14084507042253522,0.15492957746478872,0.16901408450704225,0.09942991281019449,338.4366197183099,12.056338028169014,350.49295774647885,0.004224449999999999,5.949929577464788e-05
ensemble_rerank_rag,0.12738402725212636,0.07566735445742791,0.11158854670391913,0.17647058823529413,0.35294117647058826,0.4117647058823529,0.4117647058823529,0.2696078431372549,0.3054432979539005,0.17647058823529413,0.35294117647058826,0.4117647058823529,0.4117647058823529,0.2718702865761689,2837.235294117647,59.1764705882353,2896.4117647058824,0.03284397352941176,0.0004625911764705882
