scenario,rouge1_f,rouge2_f,rougeL_f,recall_at_1,recall_at_3,recall_at_5,recall_at_7,recall_at_10,mrr,ndcg_at_10,adj_recall_at_1,adj_recall_at_3,adj_recall_at_5,adj_recall_at_7,adj_recall_at_10,adj_mrr,avg_prompt_tokens,avg_completion_tokens,avg_total_tokens,total_cost,cost_per_question
rag,0.41250663571534624,0.29518653558895924,0.36252618228785183,0.20666666666666667,0.3566666666666667,0.43,0.47,0.51,0.29820238095238094,0.348792269161495,0.27,0.3933333333333333,0.46,0.49833333333333335,0.5316666666666666,0.31189880952380955,1416.2066666666667,48.85666666666667,1465.0633333333333,0.07297350000000001,0.00024324500000000003
reranked_rag,0.43585328542096574,0.3204904943170272,0.3858904438651693,0.3433333333333333,0.5233333333333333,0.5733333333333334,0.5866666666666667,0.59,0.4396230158730159,0.4771663060788623,0.4066666666666667,0.5516666666666666,0.595,0.6083333333333333,0.6116666666666667,0.4525555555555555,1387.78,48.57333333333333,1436.3533333333332,0.0716433,0.000238811
ensemble_rerank_rag,0.46444706167130384,0.360351407789971,0.4244745671458785,0.3219178082191781,0.4965753424657534,0.547945205479452,0.5616438356164384,0.565068493150685,0.41536351776077807,0.4522892317683471,0.3801369863013699,0.5291095890410958,0.571917808219178,0.5856164383561644,0.5873287671232876,0.43168771867402006,1031.623287671233,55.523972602739725,1087.1472602739725,0.0553629,0.000184543
unfiltered,0.47443024545707163,0.36339964278269066,0.4299695818284697,,,,,,,,,,,,,,52276.763333333336,49.93333333333333,52326.69666666666,2.36144235,0.0078714745
web_search,0.21470228205040323,0.12734931146162898,0.17482139687817683,,,,,,,,,,,,,,214.47333333333333,165.76333333333332,380.2366666666667,8.2894887,0.027631628999999998
baseline,0.25434882741456016,0.11563795069559706,0.19325441398324789,,,,,,,,,,,,,,233.47333333333333,59.75666666666667,293.23,0.021262499999999997,7.087499999999999e-05
