scenario,rouge1_f,rouge2_f,rougeL_f,recall_at_10,mrr,ndcg_at_10,avg_prompt_tokens,avg_completion_tokens,avg_total_tokens,total_cost,cost_per_question
rag,0.3800331200125321,0.26831402196622384,0.32822630286725046,0.6120401337792643,0.4742833253702819,0.5064659264765328,1133.5183946488294,45.12040133779264,1178.638795986622,0.059381399999999994,0.00019859999999999998
ensemble_rerank_rag,0.45057836958416053,0.3396616318984349,0.40338474558271753,0.68561872909699,0.6180217125869301,0.6346393754956938,2201.598662207358,52.77257525083612,2254.371237458194,0.10865760000000001,0.0003634033444816054
unfiltered,0.44465027011362873,0.34532959467862145,0.4033330852210492,,,,53271.628762541804,45.77257525083612,53317.40133779264,2.39744415,0.008018207859531773
web_search,0.20701487028388954,0.12101136817476735,0.16405471510410352,,,,214.83946488294313,160.2408026755853,375.0802675585284,8.26088275,0.027628370401337796
baseline,0.23662468448963897,0.11018217819157772,0.1770474197000087,,,,233.83946488294313,59.76588628762542,293.60535117056855,0.021209699999999998,7.093545150501672e-05
