{
    "baseline": {
        "mean_prompt_tokens": 219.66666666666666,
        "mean_completion_tokens": 60.0,
        "mean_total_tokens": 279.6666666666667
    }
}
